GENE,sites
ADRBK1,Q9D0E3_S165
AKT2,Q8CFH6_S358
AKT2,Q99104_S1649
AKT2,Q99104_S1650
AKT2,Q99NE5_S790
AKT2,F6VBV0_S968
AURKA,P56695_T30
AURKA,P70188_S102
AURKA,A2AHL1_S972
AURKA,A0A0R4J274_S61
AURKA,A0A0R4J274_S63
AURKA,Q9ES28_S682
AURKA,F8VPQ2_S147
AURKA,Q8R4U1_S203
AURKB,P20152_S66
AURKB,Q8C6Q4_S171
AURKB,P20152_S39
AURKB,P20152_S72
AURKB,P97315_S33
AURKC,Q6A0D4_S516
AURKC,F2Z3U3_S192
AURKC,F2Z3U3_T190
AURKC,Q8BRF7_S294
AURKC,Q8BRF7_T295
AURKC,O35526_S59
AURKC,Q8BVE8_S408
AURKC,B2RY48_S408
AURKC,Q8K4I3_S648
AURKC,P08551_S532
AURKC,E9Q6J5_S656
AURKC,Q6EDY6_S972
AURKC,Q7TSC1_S363
BCR-ABL,Q8VDD5_S169
BCR-ABL,Q61879_S173
BCR-ABL,Q5SV64_S173
BCR-ABL,O08638_S173
BCR-ABL,Q6URW6_S189
BCR-ABL,P20357_S365
BLK,Q69Z38_S390
BTK,Q8BJI1_S665
BTK,Q71M36_T465
CAMK2D,Q9CPU0_T107
CAMK2D,P61014_S16
CAMK2D,E9Q401_S2813
CAMK2D,Q9Z2V6_S488
CAMK2D,Q9Z2V6_S489
CAMK2G,Q9WTQ5_S613
CAMK2G,Q9WTQ5_S615
CAMK4,Q00560_S778
CAMK4,Q8K1M6_S622
CAMK4,E9PUD2_S592
CDK4,P25976_S484
CDK4,Q9CT40_T246
CDK4,P81122_S388
CDK4,P13405_T819
CDK4,Q9DB77_S367
CDK4,Q9DB77_S368
CDK4,Q64700_T639
CDK4,P17751_T178
CDK4,Q68FD5_S841
CDK6,Q9CT40_T246
CDK6,P13405_T819
CDK6,Q9CT40_S243
CDK8,Q9DBS9_S271
CDK8,D3YTT6_S302
CDK8,Q9DBS9_S272
CDK8,D3YTT6_S303
CDK8,D3YTT6_S264
CDK8,D3YTT6_S250
CDK8,Q8BX70_T500
CDK8,Q8CJH3_S1396
CDKL5,A0A2X0SFE2_S122
CDKL5,Q7TQF7_S293
CDKL5,Q8C052_S785
CDKL5,Q8R001_S221
CDKL5,E9QAK8_S228
CHEK1,O88737_T3230
CHUK,P46414_S178
CHUK,Q4FJM2_S178
CHUK,P63017_S85
CHUK,P46414_S10
CHUK,Q4FJM2_S10
CHUK,P35569_T306
CHUK,P35569_S307
CILK1,Q9JKV2_Y159
CILK1,Q04859_Y159
CLK2,Q03517_T261
CLK2,Q8R0S2_S86
CLK2,E9PUA3_S72
CLK2,P61264_T160
CLK2,A2AKB9_S356
CSNK1E,Q60829_S130
CSNK1E,Q02248_S45
CSNK1E,E9Q6A9_S45
DAPK1,Q9CXD2_S20
DAPK1,Q9CXD2_T19
DAPK1,Q01097_S1303
DAPK1,Q01097_Y1304
DAPK1,E9PWW9_S1347
DAPK1,P35278_S124
DAPK3,Q9CXD2_S20
DAPK3,Q9CXD2_T19
DCLK1,A2AJI0_S315
DCLK1,A2AJI0_S275
DCLK1,A2AJI0_S276
DCLK1,Q3UIL6_S553
DCLK1,Q8BYW1_S25
DCLK1,Q6P1J1_S23
DCLK1,Q9QWI6_T780
DCLK1,A0A571BG39_T714
DYRK1B,P46414_S10
DYRK1B,Q4FJM2_S10
DYRK1B,Q6NZM9_S264
DYRK1B,Q6NZM9_S265
DYRK1B,Q9Z2V6_S269
DYRK1B,Q9Z2V6_S270
DYRK1B,Q99N13_S239
DYRK1B,Q99N13_S240
DYRK1B,Q9D6Z1_T545
DYRK1B,Q9D6Z1_T546
DYRK1B,Q8K1N2_S202
DYRK1B,Q8K1N2_S203
DYRK1B,E9PYK8_S177
DYRK3,Q5U4C9_Y380
FER,Q60598_Y421
FRK,Q01097_Y1070
GRK5,P56485_S350
GRK5,Q8K019_T471
GRK5,P26039_S405
GRK6,Q9Z0R6_S211
GUCY2E,A0A0R4J1L3_S33
GUCY2E,Q9QYR6_T1633
GUCY2E,O88700_S1101
HCK,P00520_T392
HCK,P00520_Y393
HCK,Q4JIM5_T438
HCK,Q4JIM5_Y439
HCK,P08103_Y409
HCK,P25911_Y397
HCK,Q8CEI0_Y376
HIPK2,Q9Z2D6_S80
IGF1R,Q60751_Y1352
ILK,P31750_S473
ILK,Q9WUA6_S474
ILK,Q9WUA6_Y473
ILK,Q9WUA6_S472
ILK,Q60823_S476
ILK,Q60823_S474
IRAK1,A2AG50_S246
IRAK1,A2AG50_S248
LATS1,P46938_S113
LATS1,Q9EPK5_S87
LATS1,Q9EPK5_S90
LATS1,Q8BUH8_S25
LATS2,P46938_S113
LATS2,Q9EPK5_S87
LATS2,Q9EPK5_S90
LATS2,Q8BUH8_S25
MAP2K1,O35558_T183
MAP2K1,P63085_T183
MAP2K1,Q63844_T203
MAP2K1,O35558_Y185
MAP2K1,P63085_Y185
MAP2K1,Q63844_Y205
MAP2K1,Q3UTQ8_Y171
MAP2K1,Q6P5G0_S186
MAP2K1,P47811_T180
MAP2K1,Q61532_S189
MAP2K1,P47811_Y182
MAP2K4,Q61831_T221
MAP2K4,Q61831_Y223
MAP2K6,P47811_Y182
MAP2K6,P47811_T180
MAP2K7,Q61831_Y223
MAP3K14,D3Z2U7_S126
MAP3K7,Q61097_S392
MAPK10,P54227_S25
MAPK11,Q8BTY2_S247
MAPK13,Q62101_S255
MAPK13,Q62101_S748
MAPK13,Q8K1Y2_S734
MAPK13,Q62101_S407
MAPK13,Q8K1Y2_S395
MAPK13,Q62101_S203
MAPK13,Q62101_S403
MAPK13,Q62101_S206
MAPK13,G5E8K5_S1451
MAPK13,W6PPR4_S1458
MAPK7,Q63943_S180
MAPK7,Q6PDK2_S4789
MAPK7,P20029_T526
MARK1,P70188_S60
MARK1,Q9JLM8_S52
MARK1,Q9JLM8_T49
MARK1,Q8VDT3_S52
MARK1,Q8VDT3_T49
MARK2,P10637_S554
MARK2,Q3UH19_S251
MARK2,B1AQW2_S211
MARK4,P27546_S914
MARK4,E9PZ43_S761
MARK4,P27546_S1046
MARK4,E9PZ43_S855
MARK4,P10637_S554
MARK4,Q3UH19_S251
MARK4,B1AQW2_S211
MARK4,P10637_S648
MARK4,Q3UH19_S345
MARK4,B1AQW2_S305
MARK4,P20357_S1680
MARK4,Q3TLQ0_S319
MARK4,P20357_S1743
MARK4,Q3TLQ0_S413
MARK4,Q80W04_S435
MARK4,Q8R310_S216
MET,Q9QYY0_Y448
MET,A0A1B0GS41_Y448
MKNK1,Q922F4_T237
MYLK2,Q9CXD2_S20
MYLK2,Q9CXD2_T19
MYLK,Q9CXD2_S20
MYLK,Q9CXD2_T19
MYLK,E9PWW9_S1347
MYLK,Q9JK23_T18
MYLK,Q5SSH7_S1464
MYLK,Q5SSH7_T1462
MYLK,A0A140LJ04_S1464
MYLK,A0A140LJ04_T1462
MYLK,Q9QZB1_S86
MYLK,A2CG63_S295
MYLK,A2CG63_S296
NEK5,Q8BTI8_S1097
NEK5,E9PW37_S1101
NEK5,Q61136_S94
NEK5,Q8K0T4_S438
NME1,Q61097_S392
NME1,Q99J36_S119
PAK2,P47791_S280
PAK2,P47791_S281
PAK3,Q9WV69_S372
PAK3,Q60598_S261
PAK3,Q60598_S282
PAK3,Q8K4I3_S639
PAK4,Q9CXD2_S20
PAK4,Q9CXD2_T19
PDK1,P35486_S232
PDK1,P35486_S293
PDK1,P35486_S295
PDK1,P35487_S294
PDK1,P35487_S296
PDK4,P35486_S300
PDK4,P35486_Y301
PDK4,P35486_S293
PDK4,P35486_S295
PDK4,P35487_S301
PDK4,P35487_S294
PDK4,P35487_S296
PDPK1,Q9Z2A0_S244
PDPK1,P18654_S369
PDPK1,P20444_T497
PDPK1,Q4VA93_T497
PDPK1,E9Q3G8_S218
PIK3C2A,P31750_S473
PIK3C2A,Q9WUA6_Y473
PIK3C2A,Q9WUA6_S472
PIK3C2A,Q60823_S474
PIM1,Q61337_S112
PIM1,Q8QZT2_S222
PIM1,Q61337_S134
PIM1,Q61337_S136
PINK1,A0A0A6YW67_S65
PINK1,P62983_S65
PINK1,Q80U16_S46
PKN1,P26645_S163
PKN1,P47708_S271
PLK1,Q80TE7_S629
PLK1,P20152_S459
PLK1,P20152_S83
PLK1,P08551_S473
PLK1,P20152_T458
PLK1,P81122_S556
PLK2,Q9Z0F8_S794
PLK2,Q6P6P5_S1049
PLK2,Q924N4_S1064
PLK3,P08551_S473
PLK4,Q4JK59_Y594
PLK4,P48437_S220
PLK4,A2AGH9_S2138
PLK4,Q8BXJ2_S302
PLK4,Q8JZP2_S472
PLK4,Q9QZA3_S472
PLK4,Q61316_T540
PLK4,A2ACV6_S163
PLK4,Q3UHJ0_T441
PLK4,P62960_Y160
PLK4,A2BGG7_Y48
PLK4,Q5NBX1_S372
PLK4,Q8K212_T44
PLK4,Q9QYX7_S1378
PLK4,E9PW37_T1088
PLK4,Q8BZ32_S553
PLK4,B2RUG8_S601
PLK4,Q8JZP2_S469
PLK4,Q9QZA3_S469
PLK4,A0A498WGM0_S233
PLK4,Q8K212_S28
PLK4,Q3UHJ0_T604
PLK4,Q3UHK8_S1409
PLK4,A2AGH6_S2176
PLK4,A2AGH9_S2168
PLK4,P84096_T138
PLK4,Q6PHZ5_S500
PLK4,Q8K019_S494
PLK4,Q6DID3_T614
PLK4,P62960_S163
PLK4,A2BGG7_S51
PLK4,O54916_S162
PLK4,E9Q632_S162
PLK4,Q8BXQ8_S162
PLK4,Q99LI8_Y132
PLK4,P59017_S35
PLK4,Q6P9J5_S92
PLK4,Q69ZK6_S1789
PLK4,Q8CHI8_S134
PLK4,Q9JKD3_S224
PLK4,Q3UHJ0_T603
PLK4,Q9ES34_S420
PLK4,Q80TP3_S1543
PLK4,E9Q271_S330
PLK4,Q60974_S2041
PLK4,Q5RIM6_S2042
PLK4,Q3UIA2_S671
PLK4,Q3V425_S98
PLK4,P55200_S3032
PLK4,Q9D1F4_S184
PLK4,P63037_S175
PRKAB1,P70302_S257
PRKCH,Q2NL51_S21
PRKCH,P98078_S727
PRKCH,G5E8K5_S1863
PRKCH,W6PPR4_S4234
PRKCH,S4R2S8_S1811
PRKCH,S4R1X7_S783
PRKCH,F8VQ05_S1942
PRKCH,Q8CHD0_S416
PRKG2,Q61410_S110
PRKG2,O88703_S641
PRKG2,Q61410_S92
RAF1,Q99N57_S621
RAF1,Q61337_S112
RAF1,P04627_S580
RAF1,P28028_S712
RAF1,P28028_S714
RIPK1,Q8K1M6_S622
RIPK1,E9PUD2_S592
RIPK3,P28652_T287
RIPK3,Q5SVI1_T287
RIPK3,Q923T9_T287
RIPK3,A0A2I3BQP6_T285
RIPK3,Q6ZWS7_T287
RIPK3,A0A286YCW8_T55
RIPK3,A0A286YCB8_T93
RPS6KA3,Q78T81_S381
RPS6KB2,P62754_S235
RPS6KB2,P62754_S236
RPS6KB2,Q6NVD9_S27
RPS6KB2,P21619_T421
SGK1,Q61084_S166
SGK1,Q61084_S168
SGK1,P47809_S78
SIK1,O55201_Y52
SIK1,Q3THJ3_S159
SIK1,Q6DIC0_S1503
SIK1,H3BLH0_S1527
SIK1,P08553_T565
SIK1,Q8C8R3_S1562
SIK1,S4R2R5_S1508
SIK1,E9Q5C9_S563
SIK1,Q3TKT4_S1541
SIK1,Q8CFE3_S254
SIK1,Q99MR1_S343
SIK1,C0HKD8_S133
SIK1,Q9WV69_S226
SIK1,B2RY56_S578
SIK1,C0HKD8_S132
SIK1,P97820_S325
SIK1,A0A0A6YWM8_S326
SIK1,F8VPL5_S326
SIK1,Q6ZQH0_T820
SIK1,A2ANY6_S5012
SIK1,Q8BGC0_S621
SIK1,D3YVR9_S101
SIK1,P14873_T945
SIK1,B2RQQ5_T945
SIK1,Q9Z1T1_S276
SIK1,Q8BR63_S151
SIK1,A2CG63_S296
SIK1,Q9QYR6_S644
SIK1,Q6DIC0_S1499
SIK1,H3BLH0_S1523
SIK1,P70670_S2138
SIK1,Q6NZM9_S562
SIK1,P07901_S263
SIK1,Q8C2A9_S263
SIK1,Q9QYR6_S667
SIK1,Q99MD9_T463
SIK1,P11499_S226
SIK1,Q8K4Z5_S329
SIK1,Q9R0G7_S1167
SIK1,Q3U182_T169
SIK1,P08551_S532
SIK1,P14873_S1013
SIK1,B2RQQ5_S1013
SIK1,P17095_S99
SIK1,Q3TE85_S98
SIK1,A0A384DV79_S87
SIK1,Q8K4Z5_S320
SIK1,Q9R020_S153
SIK1,D3Z4U0_S153
SIK1,P08551_S523
SIK1,Q6ZQB6_S44
SIK1,E9Q9J4_S38
SIK1,A2CG63_S295
SIK1,E9Q6J5_S2920
SIK1,Q8VBT0_S245
SIK1,Q91X84_S62
SIK1,Q9JK23_T18
SIK1,Q91X84_S329
SIK1,P08551_T520
SIK1,Q9ESV0_S80
SIK1,Q61423_S122
SIK1,Q3UPL5_S196
SIK1,A0A087WRN5_S196
SIK1,P08113_S306
SIK1,Q9CQC6_S413
SIK1,Q8CJF7_S1928
SIK1,F8VPQ2_S159
SIK1,F8VPQ2_S160
SIK1,Q80Y44_T587
SIK1,Q5XG69_S630
SIK1,Q5XG69_S631
SIK1,Q8BGC0_S613
SIK1,Q5XG69_S632
SIK1,Q9D094_S27
SIK1,P97820_S323
SIK1,A0A0A6YWM8_S324
SIK1,F8VPL5_S324
SIK1,P23475_S21
SIK1,Q6NS46_S1470
SIK1,Q9WTQ5_T330
SIK1,Q7TNV0_S248
SIK1,O55091_S137
SIK1,Q4FK66_S193
SIK1,Q99LL5_S49
SIK1,Q7TQ95_T392
SIK1,D3YXK1_S326
SIK1,H7BWY8_S143
SIK1,Q9DAR7_T21
SIK1,Q3TIX9_S81
SIK1,Q3USB7_S1090
SIK1,Q6ZQ88_S167
SIK1,P13864_S187
SIK1,Q3UHZ3_S186
SIK1,Q7TNV0_S247
SIK1,Q99MD9_S466
SIK1,Q9WU40_S263
SIK1,Q3USB7_S1089
SIK1,Q8CJF7_S1930
SIK1,Q80V94_S961
SIK1,Q9JI10_S316
SIK1,Q6URW6_S1973
SIK1,Q6DIC0_S1515
SIK1,H3BLH0_S1539
SIK1,Q8CJ19_S977
SIK1,P08553_S715
SIK1,Q9DAZ5_S93
SIK1,P08551_S503
SIK1,B2RUS7_S986
SIK1,O88700_T1311
SIK1,A0A0R4J1L3_S33
SIK1,Q6PGF7_T313
SIK1,Q7TNV0_S33
SIK1,Q4FK66_S194
SIK1,Q5PR69_T398
SIK1,Q8BGC0_S441
SIK1,Q8QZS3_S302
SIK1,P59997_S868
SIK1,Q07079_S124
SIK1,Q07079_T123
SIK1,Q80TH2_S599
SIK1,B2RUK2_S599
SIK1,Q80U30_S406
SIK1,P52927_S101
SIK1,Q3TKT4_S1552
SIK1,Q6P5H2_S963
SIK1,Q9DBR7_S994
SIK1,A0A1W2P750_S471
SIK1,Q5DTL9_S1057
SIK1,P08551_S473
SIK1,Q3TKT4_S1536
SIK1,Q8BYH8_S1467
SIK1,Q8BLH7_S207
SIK1,B2RUR0_S445
SIK1,Q9CZH7_S79
SIK1,G3X8X0_S143
SIK1,Q3USB7_T557
SIK1,Q6ZQ18_S709
SIK1,Q9DCB1_S93
SIK2,Q3U182_T169
SIK2,Q91X84_S329
SIK3,Q91X84_S329
SIK3,Q91X84_S368
STK17B,O70405_S450
STK17B,Q6PB82_S450
STK17B,O88491_S2369
STK38L,P46938_S113
STK38L,Q9EPK5_S90
STK38,Q8R361_S307
STK38,Q8R361_Y306
STK38,Q6ZQ33_S342
STK38,Q6ZQ33_Y341
STK38,P46938_S113
STK38,Q68EF0_S242
STK38,Q3UHJ0_S635
STK38,Q9EPK5_S90
STK39,P55012_T210
STK39,Q9EQG9_S379
STK39,Q9EQG9_S380
STK39,Q5SXY1_S314
STK39,Q9ES00_S83
STK39,Q9ES00_S84
STK39,Q8CH77_S1179
STK39,Q8CH77_S1180
STK39,A0A589P973_S1405
STK39,A0A589P973_S1406
STK39,D3Z656_S1333
STK39,F7BQW7_S1308
STK39,P08551_S60
STK39,Q8BTI8_S1338
STK39,Q8BTI8_S1339
STK39,Q8BTI8_S1340
STK39,Q3UQN2_S509
STK39,Q3UQN2_S510
STK39,Q91YS4_S606
STK39,Q91YS4_S607
STK39,Q91YS4_S608
STK39,Q8CI95_S183
STK39,Q3UTJ2_S374
STK39,A0A0S3CWK3_S451
STK39,A0A1L7NR37_S438
STK39,Q99K90_S582
STK39,Q3UHF7_S1505
STK39,Q91W40_T502
STK39,Q8CDA1_S910
STK39,Q8CDA1_S911
STK39,Q5DQR4_S821
STK39,Q5DQR4_S822
STK39,B7ZN48_S795
STK39,B7ZN48_S796
STK39,Q05D95_S231
STK39,Q05D95_S232
STK39,Q570Z6_S1179
STK39,Q8K400_S786
STK39,Q8K400_T785
STK39,Q1W617_S1052
STK39,Q91W40_S501
STK39,Q9EPQ8_S253
STK39,Q61315_S2572
STK39,E9Q3L2_S262
STK39,E9Q3L2_S263
STK39,Q8BYJ6_S728
STK39,Q9DBS5_S611
STK39,Q80TZ9_S613
STK39,B1AZA5_S321
STK39,Q3UHI0_S201
STK39,W6PPR4_S1528
STK39,B2RXC2_S100
STK39,Q3UHQ6_S712
STK39,Q5DTX6_S1245
STK39,Q3UHC7_S972
STK39,Q3UHC7_S973
STK39,Q3UHC7_S974
STK39,Q62167_S609
STK39,A2AHC3_S374
STK39,P20357_S1572
STK39,Q3TLQ0_S211
STK39,Q0VGY8_S439
STK39,Q0VGY8_S440
STK39,Q0VGY8_S441
STK39,I6L9D6_S502
STK39,I6L9D6_S503
STK39,B1AZA5_S323
STK39,B1AZA5_S324
STK39,Q58A65_S732
STK39,Q58A65_S733
STK39,B8X349_S718
STK39,B8X349_S719
STK39,F6SH61_S568
STK39,F6SH61_S569
STK39,Q8C8R3_S2622
STK39,Q8C8R3_S2624
STK39,S4R2R5_S2563
STK39,S4R2R5_S2565
STK39,Q6QI06_S1283
STK39,Q9R0P9_S119
STK39,Q9R0P9_T121
STK39,O70318_S726
STK39,O70318_S728
STK39,Q80UE5_S656
STK39,Q80UE5_S658
STK39,E9Q7G0_S1819
STK39,Q80U04_S81
STK39,Q9CRD0_S142
STK39,Q76KF0_S973
STK39,A0A668KLD4_S43
STK39,Q80Y56_S232
STK39,Q8C080_S32
STK39,P15331_S55
STK39,P15331_S57
STK39,Q3UTJ2_S377
STK39,Q3UTJ2_S378
STK39,Q3UTJ2_S379
STK39,A0A0S3CWK3_S454
STK39,A0A0S3CWK3_S455
STK39,A0A0S3CWK3_S456
STK39,A0A1L7NR37_S441
STK39,A0A1L7NR37_S442
STK39,A0A1L7NR37_S443
STK39,A0A286YDM6_S1210
STK39,A0A286YDM6_S1212
STK39,P70182_S53
STK39,Q61037_Y1464
STK39,Q3UHB2_Y1465
STK39,A0A2I3BRT5_Y1398
STK39,Q9QXS1_S4396
STK39,Q8K4E0_S2378
STK39,Q61699_T552
STK39,Q91WG5_S157
STK39,Q91WG5_S158
STK39,E9Q842_S1743
STK39,E9Q842_S1744
STK39,V9GX91_S1743
STK39,V9GX91_S1744
STK39,Q69Z89_S248
STK39,Q69Z89_T247
STK39,Q8CHG7_S1158
STK39,Q9QYX7_S1337
STK39,Q9QYX7_S1338
STK39,Q3UHF7_S2281
STK39,Q3UHF7_S2282
STK39,A0A571BGD8_S19
STK39,A0A571BGD8_S21
STK39,Q921I6_S247
STK4,Q9JI11_S327
STK4,P46938_S113
STK4,Q9EPK5_S87
STK4,Q9EPK5_S90
TBK1,Q8K3K8_S187
WNK1,Q4VA93_T218
WNK4,Q9Z1W9_S382
WNK4,Q9Z1W9_S383
WNK4,Q8C0I1_S52
WNK4,Q6PHZ8_S10
WNK4,Q5HZI1_S753
WNK4,E9Q2U6_S340
WNK4,P26039_S2040
WNK4,Q9Z277_S1338
WNK4,Q9WV60_S389
WNK4,Q3TY65_S316
YES1,Q60598_Y421
YES1,P28867_Y332